<?xml version="1.0" encoding="UTF-8"?>
<skin>
   <en>
      <simple>

         <panel_opacity>128</panel_opacity>

         <background_image>
            <!-- Background Image for Simple GUI -->
            <!-- Recommended total size: 600x750 (to accomodate OS size differences and localizations of text) -->
            <!-- Top banner height: about 68 -->
            <!-- EN-Win total size: about 422x582 as of 6.13.12 -->
            <image>
               <imagesrc>background_image.png</imagesrc>
               <background_color>255:255:255</background_color>
            </image>
         </background_image>

         <workunit_running_image>
            <image>
               <imagesrc>workunit_running_image.png</imagesrc>
            </image>
         </workunit_running_image>

         <workunit_waiting_image>
            <image>
               <imagesrc>workunit_waiting_image.png</imagesrc>
            </image>
         </workunit_waiting_image>

         <workunit_suspended_image>
            <image>
               <imagesrc>workunit_suspended_image.png</imagesrc>
            </image>
         </workunit_suspended_image>
		 
		     <dialog_background_image>
            <image>
               <imagesrc>dialog_background_image.png</imagesrc>
            </image>
         </dialog_background_image>
		 
		     <project_image>
            <image>
               <imagesrc>project_image.png</imagesrc>
            </image>
         </project_image>

      </simple>
	  <advanced>
      <application_name>Charity Engine Desktop</application_name>
      <application_short_name>Charity Engine</application_short_name>

      <application_logo>ce_about.ico</application_logo>
      <application_icon>
        <image>
		  <imagesrc>ce_icon_play.png</imagesrc>
          <transparency_mask>255:0:255</transparency_mask>
        </image>
      </application_icon>

      <application_icon32>
        <image>
          <imagesrc>ce_about.ico</imagesrc>
          <transparency_mask>255:0:255</transparency_mask>
        </image>
      </application_icon32>

      <application_disconnected_icon>
        <image>
          <imagesrc>ce_stop.png</imagesrc>
          <transparency_mask>255:0:255</transparency_mask>
        </image>
      </application_disconnected_icon>

      <application_snooze_icon>
        <image>
          <imagesrc>ce_pause.png</imagesrc>
          <transparency_mask>255:0:255</transparency_mask>
        </image>
      </application_snooze_icon>
	  
	  <is_branded>1</is_branded>

      <organization_name>Charity Engine</organization_name>
      <organization_website>https://www.charityengine.com</organization_website>
      <organization_help_url>https://www.charityengine.com/manager_menu.php</organization_help_url> 

    </advanced>
	
	<wizards>  
			<attach_to_project>
				<!-- title displayed on the attach to project wizard -->
				<title>Charity Engine Desktop - Attach to Project</title>
			</attach_to_project>
			<attach_to_account_manager>
				<!-- title displayed on the attach to account manager wizard -->
				<title></title>
				<!-- additional message to user about attaching to an account manager -->
				<account_info_message></account_info_message>  
			</attach_to_account_manager>
	</wizards>
	
   </en>
</skin>
