<?xml version="1.0" encoding="UTF-8"?>
<skin>
  <en>
    <simple>
      <panel_opacity>180</panel_opacity>
      <background_image>
        <image>
          <imagesrc>background_image.png</imagesrc>
          <background_color>0:0:0</background_color>
        </image>
      </background_image>
      <workunit_running_image>
        <image>
          <imagesrc>Green_dot.png</imagesrc>
        </image>
      </workunit_running_image>
      <workunit_waiting_image>
        <image>
          <imagesrc>Yellow_dot.png</imagesrc>
        </image>
      </workunit_waiting_image>
      <workunit_suspended_image>
        <image>
          <imagesrc>Red_dot.png</imagesrc>
        </image>
      </workunit_suspended_image>
      <notice_alert_color>0:100:157</notice_alert_color>
    </simple>
    <advanced>
      <application_name>World Community Grid - BOINC Manager</application_name>
      <application_short_name>World Community Grid</application_short_name>
      <organization_name>World Community Grid</organization_name>
      <organization_website>https://www.worldcommunitygrid.org</organization_website>
      <organization_help_url>https://www.worldcommunitygrid.org/boinc.do</organization_help_url> 
    </advanced>
  </en>
</skin>
